INSERT INTO courses (course_id, course_code, course_title, course_description, credits) VALUES (1, 'CS101', 'Intro to Computer Science', 'Foundations of computer science', 3);
INSERT INTO courses (course_id, course_code, course_title, course_description, credits) VALUES (2, 'ENG201', 'Advanced English Literature', 'Study of classic literature', 4);
INSERT INTO courses (course_id, course_code, course_title, course_description, credits) VALUES (3, 'BIO150', 'General Biology', 'Introductory biology course', 3);
INSERT INTO courses (course_id, course_code, course_title, course_description, credits) VALUES (4, 'ECON101', 'Principles of Economics', 'Economic theory and practice', 3);
INSERT INTO courses (course_id, course_code, course_title, course_description, credits) VALUES (5, 'MATH221', 'Linear Algebra', 'Matrices, vectors, and linear transformations', 4);
INSERT INTO professors (professor_id, first_name, last_name, email, department) VALUES (1, 'Alice', 'Smith', 'alice.smith@univ.edu', 'Computer Science');
INSERT INTO professors (professor_id, first_name, last_name, email, department) VALUES (2, 'Bob', 'Jones', 'bob.jones@univ.edu', 'English');
INSERT INTO professors (professor_id, first_name, last_name, email, department) VALUES (3, 'Carol', 'Taylor', 'carol.taylor@univ.edu', 'Biology');
INSERT INTO professors (professor_id, first_name, last_name, email, department) VALUES (4, 'David', 'Lee', 'david.lee@univ.edu', 'Economics');
INSERT INTO professors (professor_id, first_name, last_name, email, department) VALUES (5, 'Eve', 'Brown', 'eve.brown@univ.edu', 'Mathematics');
INSERT INTO students (student_id, first_name, last_name, date_of_birth, email, admission_date) VALUES (1, 'Danielle', 'Johnson', '2001-08-01', 'danielle.johnson.1@student.university.edu', '2024-04-05');
INSERT INTO students (student_id, first_name, last_name, date_of_birth, email, admission_date) VALUES (2, 'Jeffrey', 'Doyle', '2004-12-31', 'jeffrey.doyle.2@student.university.edu', '2024-10-14');
INSERT INTO students (student_id, first_name, last_name, date_of_birth, email, admission_date) VALUES (3, 'Patricia', 'Miller', '2002-10-31', 'patricia.miller.3@student.university.edu', '2024-01-13');
INSERT INTO students (student_id, first_name, last_name, date_of_birth, email, admission_date) VALUES (4, 'Anthony', 'Robinson', '2003-07-18', 'anthony.robinson.4@student.university.edu', '2024-08-21');
INSERT INTO students (student_id, first_name, last_name, date_of_birth, email, admission_date) VALUES (5, 'Anthony', 'Gonzalez', '2004-10-09', 'anthony.gonzalez.5@student.university.edu', '2024-09-29');
INSERT INTO students (student_id, first_name, last_name, date_of_birth, email, admission_date) VALUES (6, 'Amy', 'Robinson', '2004-04-03', 'amy.robinson.6@student.university.edu', '2024-04-18');
INSERT INTO students (student_id, first_name, last_name, date_of_birth, email, admission_date) VALUES (7, 'Lisa', 'Smith', '2006-02-05', 'lisa.smith.7@student.university.edu', '2024-03-03');
INSERT INTO students (student_id, first_name, last_name, date_of_birth, email, admission_date) VALUES (8, 'Helen', 'Peterson', '2000-07-26', 'helen.peterson.8@student.university.edu', '2024-03-24');
INSERT INTO students (student_id, first_name, last_name, date_of_birth, email, admission_date) VALUES (9, 'Susan', 'Rogers', '2000-01-13', 'susan.rogers.9@student.university.edu', '2024-05-27');
INSERT INTO students (student_id, first_name, last_name, date_of_birth, email, admission_date) VALUES (10, 'Colin', 'Abbott', '2004-05-18', 'colin.abbott.10@student.university.edu', '2024-04-12');
INSERT INTO students (student_id, first_name, last_name, date_of_birth, email, admission_date) VALUES (11, 'Lindsay', 'Blair', '2003-10-22', 'lindsay.blair.11@student.university.edu', '2024-02-18');
INSERT INTO students (student_id, first_name, last_name, date_of_birth, email, admission_date) VALUES (12, 'Teresa', 'Gray', '2003-12-10', 'teresa.gray.12@student.university.edu', '2024-04-23');
INSERT INTO students (student_id, first_name, last_name, date_of_birth, email, admission_date) VALUES (13, 'Maria', 'Montgomery', '2006-07-29', 'maria.montgomery.13@student.university.edu', '2024-05-20');
INSERT INTO students (student_id, first_name, last_name, date_of_birth, email, admission_date) VALUES (14, 'Barbara', 'Bush', '1999-08-20', 'barbara.bush.14@student.university.edu', '2024-09-13');
INSERT INTO students (student_id, first_name, last_name, date_of_birth, email, admission_date) VALUES (15, 'Jeremy', 'Roberts', '1999-12-03', 'jeremy.roberts.15@student.university.edu', '2024-11-28');
INSERT INTO students (student_id, first_name, last_name, date_of_birth, email, admission_date) VALUES (16, 'Jesse', 'Garcia', '2001-08-10', 'jesse.garcia.16@student.university.edu', '2024-06-25');
INSERT INTO students (student_id, first_name, last_name, date_of_birth, email, admission_date) VALUES (17, 'Cynthia', 'Diaz', '2002-05-24', 'cynthia.diaz.17@student.university.edu', '2024-05-17');
INSERT INTO students (student_id, first_name, last_name, date_of_birth, email, admission_date) VALUES (18, 'Jason', 'Adams', '2007-03-19', 'jason.adams.18@student.university.edu', '2024-09-22');
INSERT INTO students (student_id, first_name, last_name, date_of_birth, email, admission_date) VALUES (19, 'Deborah', 'Lynch', '2000-09-12', 'deborah.lynch.19@student.university.edu', '2024-07-26');
INSERT INTO students (student_id, first_name, last_name, date_of_birth, email, admission_date) VALUES (20, 'Jessica', 'Martin', '2002-06-21', 'jessica.martin.20@student.university.edu', '2024-04-14');
INSERT INTO students (student_id, first_name, last_name, date_of_birth, email, admission_date) VALUES (21, 'Veronica', 'Bowman', '2003-12-25', 'veronica.bowman.21@student.university.edu', '2024-03-26');
INSERT INTO students (student_id, first_name, last_name, date_of_birth, email, admission_date) VALUES (22, 'Gabrielle', 'Cameron', '2005-11-04', 'gabrielle.cameron.22@student.university.edu', '2024-01-22');
INSERT INTO students (student_id, first_name, last_name, date_of_birth, email, admission_date) VALUES (23, 'Jeremy', 'Johnson', '2001-12-05', 'jeremy.johnson.23@student.university.edu', '2024-06-04');
INSERT INTO students (student_id, first_name, last_name, date_of_birth, email, admission_date) VALUES (24, 'Joseph', 'Clark', '2004-01-26', 'joseph.clark.24@student.university.edu', '2024-12-06');
INSERT INTO students (student_id, first_name, last_name, date_of_birth, email, admission_date) VALUES (25, 'Jennifer', 'Lewis', '2003-06-29', 'jennifer.lewis.25@student.university.edu', '2024-06-02');
INSERT INTO students (student_id, first_name, last_name, date_of_birth, email, admission_date) VALUES (26, 'Nicole', 'Day', '2000-06-16', 'nicole.day.26@student.university.edu', '2024-04-12');
INSERT INTO students (student_id, first_name, last_name, date_of_birth, email, admission_date) VALUES (27, 'Donald', 'Mcgee', '2003-10-30', 'donald.mcgee.27@student.university.edu', '2024-04-12');
INSERT INTO students (student_id, first_name, last_name, date_of_birth, email, admission_date) VALUES (28, 'Julie', 'Patterson', '2004-03-16', 'julie.patterson.28@student.university.edu', '2024-06-04');
INSERT INTO students (student_id, first_name, last_name, date_of_birth, email, admission_date) VALUES (29, 'Michael', 'Osborn', '2000-06-02', 'michael.osborn.29@student.university.edu', '2024-07-16');
INSERT INTO students (student_id, first_name, last_name, date_of_birth, email, admission_date) VALUES (30, 'Trevor', 'Campos', '2006-07-27', 'trevor.campos.30@student.university.edu', '2024-02-12');
INSERT INTO students (student_id, first_name, last_name, date_of_birth, email, admission_date) VALUES (31, 'Eric', 'Moore', '2005-01-12', 'eric.moore.31@student.university.edu', '2024-06-12');
INSERT INTO students (student_id, first_name, last_name, date_of_birth, email, admission_date) VALUES (32, 'Candace', 'Cruz', '2004-04-24', 'candace.cruz.32@student.university.edu', '2024-06-30');
INSERT INTO students (student_id, first_name, last_name, date_of_birth, email, admission_date) VALUES (33, 'Allison', 'Maddox', '2006-07-26', 'allison.maddox.33@student.university.edu', '2024-01-05');
INSERT INTO students (student_id, first_name, last_name, date_of_birth, email, admission_date) VALUES (34, 'Erin', 'Wilson', '2006-10-08', 'erin.wilson.34@student.university.edu', '2024-07-27');
INSERT INTO students (student_id, first_name, last_name, date_of_birth, email, admission_date) VALUES (35, 'Karen', 'Mack', '2002-02-19', 'karen.mack.35@student.university.edu', '2024-02-13');
INSERT INTO students (student_id, first_name, last_name, date_of_birth, email, admission_date) VALUES (36, 'Kelly', 'Moore', '1999-04-10', 'kelly.moore.36@student.university.edu', '2024-10-07');
INSERT INTO students (student_id, first_name, last_name, date_of_birth, email, admission_date) VALUES (37, 'Nancy', 'Baker', '2003-07-03', 'nancy.baker.37@student.university.edu', '2024-10-22');
INSERT INTO students (student_id, first_name, last_name, date_of_birth, email, admission_date) VALUES (38, 'Guy', 'Gaines', '2006-08-25', 'guy.gaines.38@student.university.edu', '2024-08-30');
INSERT INTO students (student_id, first_name, last_name, date_of_birth, email, admission_date) VALUES (39, 'Kenneth', 'Fowler', '2004-06-04', 'kenneth.fowler.39@student.university.edu', '2024-03-18');
INSERT INTO students (student_id, first_name, last_name, date_of_birth, email, admission_date) VALUES (40, 'Eric', 'Farmer', '2003-10-31', 'eric.farmer.40@student.university.edu', '2024-10-29');
INSERT INTO students (student_id, first_name, last_name, date_of_birth, email, admission_date) VALUES (41, 'Sandra', 'Sellers', '2004-05-03', 'sandra.sellers.41@student.university.edu', '2024-05-05');
INSERT INTO students (student_id, first_name, last_name, date_of_birth, email, admission_date) VALUES (42, 'Tracy', 'Rodriguez', '2002-05-01', 'tracy.rodriguez.42@student.university.edu', '2024-12-07');
INSERT INTO students (student_id, first_name, last_name, date_of_birth, email, admission_date) VALUES (43, 'Tricia', 'Roman', '2001-04-12', 'tricia.roman.43@student.university.edu', '2024-01-23');
INSERT INTO students (student_id, first_name, last_name, date_of_birth, email, admission_date) VALUES (44, 'John', 'Bradley', '1999-11-30', 'john.bradley.44@student.university.edu', '2024-02-03');
INSERT INTO students (student_id, first_name, last_name, date_of_birth, email, admission_date) VALUES (45, 'Jessica', 'Cabrera', '2005-09-18', 'jessica.cabrera.45@student.university.edu', '2024-07-25');
INSERT INTO students (student_id, first_name, last_name, date_of_birth, email, admission_date) VALUES (46, 'Katie', 'Anderson', '2003-04-15', 'katie.anderson.46@student.university.edu', '2024-08-01');
INSERT INTO students (student_id, first_name, last_name, date_of_birth, email, admission_date) VALUES (47, 'Frederick', 'Rose', '2004-05-27', 'frederick.rose.47@student.university.edu', '2024-06-13');
INSERT INTO students (student_id, first_name, last_name, date_of_birth, email, admission_date) VALUES (48, 'Tamara', 'Hickman', '2005-09-01', 'tamara.hickman.48@student.university.edu', '2024-10-10');
INSERT INTO students (student_id, first_name, last_name, date_of_birth, email, admission_date) VALUES (49, 'Hannah', 'Marquez', '2002-08-21', 'hannah.marquez.49@student.university.edu', '2024-09-17');
INSERT INTO students (student_id, first_name, last_name, date_of_birth, email, admission_date) VALUES (50, 'Debra', 'Kim', '2003-08-25', 'debra.kim.50@student.university.edu', '2024-06-24');
INSERT INTO students (student_id, first_name, last_name, date_of_birth, email, admission_date) VALUES (51, 'David', 'Walker', '2002-02-13', 'david.walker.51@student.university.edu', '2024-01-09');
INSERT INTO students (student_id, first_name, last_name, date_of_birth, email, admission_date) VALUES (52, 'Brianna', 'Hall', '2001-02-12', 'brianna.hall.52@student.university.edu', '2024-01-03');
INSERT INTO students (student_id, first_name, last_name, date_of_birth, email, admission_date) VALUES (53, 'Chad', 'Welch', '2001-03-11', 'chad.welch.53@student.university.edu', '2024-01-27');
INSERT INTO students (student_id, first_name, last_name, date_of_birth, email, admission_date) VALUES (54, 'Rebecca', 'Heath', '1999-11-06', 'rebecca.heath.54@student.university.edu', '2024-07-18');
INSERT INTO students (student_id, first_name, last_name, date_of_birth, email, admission_date) VALUES (55, 'John', 'Caldwell', '2001-01-24', 'john.caldwell.55@student.university.edu', '2024-07-28');
INSERT INTO students (student_id, first_name, last_name, date_of_birth, email, admission_date) VALUES (56, 'David', 'Walls', '2004-02-07', 'david.walls.56@student.university.edu', '2024-08-11');
INSERT INTO students (student_id, first_name, last_name, date_of_birth, email, admission_date) VALUES (57, 'Thomas', 'Mueller', '2006-02-10', 'thomas.mueller.57@student.university.edu', '2024-06-07');
INSERT INTO students (student_id, first_name, last_name, date_of_birth, email, admission_date) VALUES (58, 'James', 'Davis', '2002-11-29', 'james.davis.58@student.university.edu', '2024-05-17');
INSERT INTO students (student_id, first_name, last_name, date_of_birth, email, admission_date) VALUES (59, 'Rodney', 'Owens', '2005-06-12', 'rodney.owens.59@student.university.edu', '2024-01-22');
INSERT INTO students (student_id, first_name, last_name, date_of_birth, email, admission_date) VALUES (60, 'Emily', 'Joyce', '2000-01-30', 'emily.joyce.60@student.university.edu', '2024-01-24');
INSERT INTO students (student_id, first_name, last_name, date_of_birth, email, admission_date) VALUES (61, 'Richard', 'Morgan', '2006-07-29', 'richard.morgan.61@student.university.edu', '2024-02-12');
INSERT INTO students (student_id, first_name, last_name, date_of_birth, email, admission_date) VALUES (62, 'John', 'Lee', '2003-01-22', 'john.lee.62@student.university.edu', '2024-02-24');
INSERT INTO students (student_id, first_name, last_name, date_of_birth, email, admission_date) VALUES (63, 'Robert', 'Ramirez', '2001-05-15', 'robert.ramirez.63@student.university.edu', '2024-12-05');
INSERT INTO students (student_id, first_name, last_name, date_of_birth, email, admission_date) VALUES (64, 'Sandra', 'Ramos', '2006-07-28', 'sandra.ramos.64@student.university.edu', '2024-11-28');
INSERT INTO students (student_id, first_name, last_name, date_of_birth, email, admission_date) VALUES (65, 'Andrea', 'Williams', '2003-11-04', 'andrea.williams.65@student.university.edu', '2024-11-20');
INSERT INTO students (student_id, first_name, last_name, date_of_birth, email, admission_date) VALUES (66, 'Alexis', 'Davis', '2005-08-27', 'alexis.davis.66@student.university.edu', '2024-11-25');
INSERT INTO students (student_id, first_name, last_name, date_of_birth, email, admission_date) VALUES (67, 'Joel', 'Russell', '2003-05-04', 'joel.russell.67@student.university.edu', '2024-03-24');
INSERT INTO students (student_id, first_name, last_name, date_of_birth, email, admission_date) VALUES (68, 'Michelle', 'Barrera', '2000-08-23', 'michelle.barrera.68@student.university.edu', '2024-05-27');
INSERT INTO students (student_id, first_name, last_name, date_of_birth, email, admission_date) VALUES (69, 'Aaron', 'Myers', '2007-02-15', 'aaron.myers.69@student.university.edu', '2024-10-31');
INSERT INTO students (student_id, first_name, last_name, date_of_birth, email, admission_date) VALUES (70, 'Kristen', 'Mitchell', '2005-03-03', 'kristen.mitchell.70@student.university.edu', '2024-10-10');
INSERT INTO students (student_id, first_name, last_name, date_of_birth, email, admission_date) VALUES (71, 'Wendy', 'Peters', '2005-05-10', 'wendy.peters.71@student.university.edu', '2024-07-08');
INSERT INTO students (student_id, first_name, last_name, date_of_birth, email, admission_date) VALUES (72, 'Eric', 'Phillips', '1999-09-28', 'eric.phillips.72@student.university.edu', '2024-08-12');
INSERT INTO students (student_id, first_name, last_name, date_of_birth, email, admission_date) VALUES (73, 'Jill', 'Brown', '2001-11-29', 'jill.brown.73@student.university.edu', '2024-01-23');
INSERT INTO students (student_id, first_name, last_name, date_of_birth, email, admission_date) VALUES (74, 'Brendan', 'Woods', '2007-01-24', 'brendan.woods.74@student.university.edu', '2024-11-27');
INSERT INTO students (student_id, first_name, last_name, date_of_birth, email, admission_date) VALUES (75, 'Amanda', 'Brown', '2003-07-25', 'amanda.brown.75@student.university.edu', '2024-02-01');
INSERT INTO students (student_id, first_name, last_name, date_of_birth, email, admission_date) VALUES (76, 'Melissa', 'Jones', '1999-10-28', 'melissa.jones.76@student.university.edu', '2024-09-19');
INSERT INTO students (student_id, first_name, last_name, date_of_birth, email, admission_date) VALUES (77, 'Michelle', 'Powell', '2006-10-26', 'michelle.powell.77@student.university.edu', '2024-08-09');
INSERT INTO students (student_id, first_name, last_name, date_of_birth, email, admission_date) VALUES (78, 'John', 'Wheeler', '2004-07-06', 'john.wheeler.78@student.university.edu', '2024-02-01');
INSERT INTO students (student_id, first_name, last_name, date_of_birth, email, admission_date) VALUES (79, 'Robert', 'Silva', '2003-09-10', 'robert.silva.79@student.university.edu', '2024-05-02');
INSERT INTO students (student_id, first_name, last_name, date_of_birth, email, admission_date) VALUES (80, 'Sarah', 'Harris', '2005-05-03', 'sarah.harris.80@student.university.edu', '2024-05-02');
INSERT INTO students (student_id, first_name, last_name, date_of_birth, email, admission_date) VALUES (81, 'John', 'Foster', '2004-12-15', 'john.foster.81@student.university.edu', '2024-09-07');
INSERT INTO students (student_id, first_name, last_name, date_of_birth, email, admission_date) VALUES (82, 'Kevin', 'Stewart', '2005-08-21', 'kevin.stewart.82@student.university.edu', '2024-12-29');
INSERT INTO students (student_id, first_name, last_name, date_of_birth, email, admission_date) VALUES (83, 'Charles', 'Ellis', '2004-01-13', 'charles.ellis.83@student.university.edu', '2024-02-08');
INSERT INTO students (student_id, first_name, last_name, date_of_birth, email, admission_date) VALUES (84, 'Charles', 'Lewis', '2001-07-01', 'charles.lewis.84@student.university.edu', '2024-02-21');
INSERT INTO students (student_id, first_name, last_name, date_of_birth, email, admission_date) VALUES (85, 'Sarah', 'Ibarra', '2006-09-21', 'sarah.ibarra.85@student.university.edu', '2024-04-04');
INSERT INTO students (student_id, first_name, last_name, date_of_birth, email, admission_date) VALUES (86, 'Mike', 'Moore', '2006-05-03', 'mike.moore.86@student.university.edu', '2024-07-29');
INSERT INTO students (student_id, first_name, last_name, date_of_birth, email, admission_date) VALUES (87, 'Jade', 'Carr', '2006-02-09', 'jade.carr.87@student.university.edu', '2024-09-10');
INSERT INTO students (student_id, first_name, last_name, date_of_birth, email, admission_date) VALUES (88, 'Allison', 'Contreras', '2003-12-18', 'allison.contreras.88@student.university.edu', '2024-04-26');
INSERT INTO students (student_id, first_name, last_name, date_of_birth, email, admission_date) VALUES (89, 'Sarah', 'Garcia', '2006-09-18', 'sarah.garcia.89@student.university.edu', '2024-02-22');
INSERT INTO students (student_id, first_name, last_name, date_of_birth, email, admission_date) VALUES (90, 'Joseph', 'Preston', '2005-07-23', 'joseph.preston.90@student.university.edu', '2024-08-02');
INSERT INTO students (student_id, first_name, last_name, date_of_birth, email, admission_date) VALUES (91, 'Eric', 'Campbell', '2001-01-13', 'eric.campbell.91@student.university.edu', '2024-10-05');
INSERT INTO students (student_id, first_name, last_name, date_of_birth, email, admission_date) VALUES (92, 'Matthew', 'Watts', '2006-07-01', 'matthew.watts.92@student.university.edu', '2024-04-12');
INSERT INTO students (student_id, first_name, last_name, date_of_birth, email, admission_date) VALUES (93, 'William', 'King', '2006-12-20', 'william.king.93@student.university.edu', '2024-11-24');
INSERT INTO students (student_id, first_name, last_name, date_of_birth, email, admission_date) VALUES (94, 'Brent', 'Walters', '2006-04-19', 'brent.walters.94@student.university.edu', '2024-04-17');
INSERT INTO students (student_id, first_name, last_name, date_of_birth, email, admission_date) VALUES (95, 'Bradley', 'Cook', '2000-05-10', 'bradley.cook.95@student.university.edu', '2024-09-04');
INSERT INTO students (student_id, first_name, last_name, date_of_birth, email, admission_date) VALUES (96, 'Tina', 'Martin', '2003-01-01', 'tina.martin.96@student.university.edu', '2024-08-02');
INSERT INTO students (student_id, first_name, last_name, date_of_birth, email, admission_date) VALUES (97, 'Janice', 'Hoffman', '2000-03-12', 'janice.hoffman.97@student.university.edu', '2024-01-30');
INSERT INTO students (student_id, first_name, last_name, date_of_birth, email, admission_date) VALUES (98, 'Sierra', 'Vazquez', '2000-07-06', 'sierra.vazquez.98@student.university.edu', '2024-07-30');
INSERT INTO students (student_id, first_name, last_name, date_of_birth, email, admission_date) VALUES (99, 'Barry', 'Wood', '2003-12-11', 'barry.wood.99@student.university.edu', '2024-02-27');
INSERT INTO students (student_id, first_name, last_name, date_of_birth, email, admission_date) VALUES (100, 'Russell', 'Williams', '2002-05-06', 'russell.williams.100@student.university.edu', '2024-12-15');
INSERT INTO student_admissions (admission_id, student_id, program, admission_date, status) VALUES (1, 1, 'Computer Science', '2024-04-05', 'Pending');
INSERT INTO student_admissions (admission_id, student_id, program, admission_date, status) VALUES (2, 2, 'Biology', '2024-10-14', 'Pending');
INSERT INTO student_admissions (admission_id, student_id, program, admission_date, status) VALUES (3, 3, 'English', '2024-01-13', 'Pending');
INSERT INTO student_admissions (admission_id, student_id, program, admission_date, status) VALUES (4, 4, 'Computer Science', '2024-08-21', 'Rejected');
INSERT INTO student_admissions (admission_id, student_id, program, admission_date, status) VALUES (5, 5, 'Mathematics', '2024-09-29', 'Pending');
INSERT INTO student_admissions (admission_id, student_id, program, admission_date, status) VALUES (6, 6, 'Mathematics', '2024-04-18', 'Accepted');
INSERT INTO student_admissions (admission_id, student_id, program, admission_date, status) VALUES (7, 7, 'Computer Science', '2024-03-03', 'Pending');
INSERT INTO student_admissions (admission_id, student_id, program, admission_date, status) VALUES (8, 8, 'Computer Science', '2024-03-24', 'Pending');
INSERT INTO student_admissions (admission_id, student_id, program, admission_date, status) VALUES (9, 9, 'English', '2024-05-27', 'Rejected');
INSERT INTO student_admissions (admission_id, student_id, program, admission_date, status) VALUES (10, 10, 'Mathematics', '2024-04-12', 'Pending');
INSERT INTO student_admissions (admission_id, student_id, program, admission_date, status) VALUES (11, 11, 'Mathematics', '2024-02-18', 'Pending');
INSERT INTO student_admissions (admission_id, student_id, program, admission_date, status) VALUES (12, 12, 'Mathematics', '2024-04-23', 'Accepted');
INSERT INTO student_admissions (admission_id, student_id, program, admission_date, status) VALUES (13, 13, 'English', '2024-05-20', 'Accepted');
INSERT INTO student_admissions (admission_id, student_id, program, admission_date, status) VALUES (14, 14, 'Mathematics', '2024-09-13', 'Accepted');
INSERT INTO student_admissions (admission_id, student_id, program, admission_date, status) VALUES (15, 15, 'Computer Science', '2024-11-28', 'Pending');
INSERT INTO student_admissions (admission_id, student_id, program, admission_date, status) VALUES (16, 16, 'Economics', '2024-06-25', 'Accepted');
INSERT INTO student_admissions (admission_id, student_id, program, admission_date, status) VALUES (17, 17, 'Biology', '2024-05-17', 'Pending');
INSERT INTO student_admissions (admission_id, student_id, program, admission_date, status) VALUES (18, 18, 'English', '2024-09-22', 'Accepted');
INSERT INTO student_admissions (admission_id, student_id, program, admission_date, status) VALUES (19, 19, 'Computer Science', '2024-07-26', 'Pending');
INSERT INTO student_admissions (admission_id, student_id, program, admission_date, status) VALUES (20, 20, 'Economics', '2024-04-14', 'Pending');
INSERT INTO student_admissions (admission_id, student_id, program, admission_date, status) VALUES (21, 21, 'Biology', '2024-03-26', 'Accepted');
INSERT INTO student_admissions (admission_id, student_id, program, admission_date, status) VALUES (22, 22, 'Mathematics', '2024-01-22', 'Accepted');
INSERT INTO student_admissions (admission_id, student_id, program, admission_date, status) VALUES (23, 23, 'Computer Science', '2024-06-04', 'Rejected');
INSERT INTO student_admissions (admission_id, student_id, program, admission_date, status) VALUES (24, 24, 'Economics', '2024-12-06', 'Rejected');
INSERT INTO student_admissions (admission_id, student_id, program, admission_date, status) VALUES (25, 25, 'Computer Science', '2024-06-02', 'Accepted');
INSERT INTO student_admissions (admission_id, student_id, program, admission_date, status) VALUES (26, 26, 'Computer Science', '2024-04-12', 'Rejected');
INSERT INTO student_admissions (admission_id, student_id, program, admission_date, status) VALUES (27, 27, 'Biology', '2024-04-12', 'Rejected');
INSERT INTO student_admissions (admission_id, student_id, program, admission_date, status) VALUES (28, 28, 'Mathematics', '2024-06-04', 'Accepted');
INSERT INTO student_admissions (admission_id, student_id, program, admission_date, status) VALUES (29, 29, 'Mathematics', '2024-07-16', 'Pending');
INSERT INTO student_admissions (admission_id, student_id, program, admission_date, status) VALUES (30, 30, 'Computer Science', '2024-02-12', 'Pending');
INSERT INTO student_admissions (admission_id, student_id, program, admission_date, status) VALUES (31, 31, 'English', '2024-06-12', 'Accepted');
INSERT INTO student_admissions (admission_id, student_id, program, admission_date, status) VALUES (32, 32, 'Computer Science', '2024-06-30', 'Pending');
INSERT INTO student_admissions (admission_id, student_id, program, admission_date, status) VALUES (33, 33, 'Computer Science', '2024-01-05', 'Accepted');
INSERT INTO student_admissions (admission_id, student_id, program, admission_date, status) VALUES (34, 34, 'Biology', '2024-07-27', 'Accepted');
INSERT INTO student_admissions (admission_id, student_id, program, admission_date, status) VALUES (35, 35, 'Biology', '2024-02-13', 'Pending');
INSERT INTO student_admissions (admission_id, student_id, program, admission_date, status) VALUES (36, 36, 'Biology', '2024-10-07', 'Accepted');
INSERT INTO student_admissions (admission_id, student_id, program, admission_date, status) VALUES (37, 37, 'English', '2024-10-22', 'Rejected');
INSERT INTO student_admissions (admission_id, student_id, program, admission_date, status) VALUES (38, 38, 'Biology', '2024-08-30', 'Rejected');
INSERT INTO student_admissions (admission_id, student_id, program, admission_date, status) VALUES (39, 39, 'Computer Science', '2024-03-18', 'Rejected');
INSERT INTO student_admissions (admission_id, student_id, program, admission_date, status) VALUES (40, 40, 'English', '2024-10-29', 'Rejected');
INSERT INTO student_admissions (admission_id, student_id, program, admission_date, status) VALUES (41, 41, 'English', '2024-05-05', 'Pending');
INSERT INTO student_admissions (admission_id, student_id, program, admission_date, status) VALUES (42, 42, 'Economics', '2024-12-07', 'Accepted');
INSERT INTO student_admissions (admission_id, student_id, program, admission_date, status) VALUES (43, 43, 'Biology', '2024-01-23', 'Rejected');
INSERT INTO student_admissions (admission_id, student_id, program, admission_date, status) VALUES (44, 44, 'Mathematics', '2024-02-03', 'Pending');
INSERT INTO student_admissions (admission_id, student_id, program, admission_date, status) VALUES (45, 45, 'Biology', '2024-07-25', 'Pending');
INSERT INTO student_admissions (admission_id, student_id, program, admission_date, status) VALUES (46, 46, 'English', '2024-08-01', 'Pending');
INSERT INTO student_admissions (admission_id, student_id, program, admission_date, status) VALUES (47, 47, 'Biology', '2024-06-13', 'Accepted');
INSERT INTO student_admissions (admission_id, student_id, program, admission_date, status) VALUES (48, 48, 'Biology', '2024-10-10', 'Pending');
INSERT INTO student_admissions (admission_id, student_id, program, admission_date, status) VALUES (49, 49, 'English', '2024-09-17', 'Rejected');
INSERT INTO student_admissions (admission_id, student_id, program, admission_date, status) VALUES (50, 50, 'Biology', '2024-06-24', 'Pending');
INSERT INTO student_admissions (admission_id, student_id, program, admission_date, status) VALUES (51, 51, 'Economics', '2024-01-09', 'Accepted');
INSERT INTO student_admissions (admission_id, student_id, program, admission_date, status) VALUES (52, 52, 'Economics', '2024-01-03', 'Pending');
INSERT INTO student_admissions (admission_id, student_id, program, admission_date, status) VALUES (53, 53, 'Biology', '2024-01-27', 'Pending');
INSERT INTO student_admissions (admission_id, student_id, program, admission_date, status) VALUES (54, 54, 'English', '2024-07-18', 'Rejected');
INSERT INTO student_admissions (admission_id, student_id, program, admission_date, status) VALUES (55, 55, 'Mathematics', '2024-07-28', 'Rejected');
INSERT INTO student_admissions (admission_id, student_id, program, admission_date, status) VALUES (56, 56, 'Biology', '2024-08-11', 'Rejected');
INSERT INTO student_admissions (admission_id, student_id, program, admission_date, status) VALUES (57, 57, 'Mathematics', '2024-06-07', 'Accepted');
INSERT INTO student_admissions (admission_id, student_id, program, admission_date, status) VALUES (58, 58, 'Mathematics', '2024-05-17', 'Accepted');
INSERT INTO student_admissions (admission_id, student_id, program, admission_date, status) VALUES (59, 59, 'Biology', '2024-01-22', 'Pending');
INSERT INTO student_admissions (admission_id, student_id, program, admission_date, status) VALUES (60, 60, 'English', '2024-01-24', 'Rejected');
INSERT INTO student_admissions (admission_id, student_id, program, admission_date, status) VALUES (61, 61, 'Economics', '2024-02-12', 'Pending');
INSERT INTO student_admissions (admission_id, student_id, program, admission_date, status) VALUES (62, 62, 'Computer Science', '2024-02-24', 'Pending');
INSERT INTO student_admissions (admission_id, student_id, program, admission_date, status) VALUES (63, 63, 'English', '2024-12-05', 'Rejected');
INSERT INTO student_admissions (admission_id, student_id, program, admission_date, status) VALUES (64, 64, 'English', '2024-11-28', 'Rejected');
INSERT INTO student_admissions (admission_id, student_id, program, admission_date, status) VALUES (65, 65, 'Economics', '2024-11-20', 'Rejected');
INSERT INTO student_admissions (admission_id, student_id, program, admission_date, status) VALUES (66, 66, 'Computer Science', '2024-11-25', 'Accepted');
INSERT INTO student_admissions (admission_id, student_id, program, admission_date, status) VALUES (67, 67, 'Economics', '2024-03-24', 'Rejected');
INSERT INTO student_admissions (admission_id, student_id, program, admission_date, status) VALUES (68, 68, 'Economics', '2024-05-27', 'Rejected');
INSERT INTO student_admissions (admission_id, student_id, program, admission_date, status) VALUES (69, 69, 'Biology', '2024-10-31', 'Rejected');
INSERT INTO student_admissions (admission_id, student_id, program, admission_date, status) VALUES (70, 70, 'Computer Science', '2024-10-10', 'Rejected');
INSERT INTO student_admissions (admission_id, student_id, program, admission_date, status) VALUES (71, 71, 'Computer Science', '2024-07-08', 'Rejected');
INSERT INTO student_admissions (admission_id, student_id, program, admission_date, status) VALUES (72, 72, 'Mathematics', '2024-08-12', 'Accepted');
INSERT INTO student_admissions (admission_id, student_id, program, admission_date, status) VALUES (73, 73, 'Biology', '2024-01-23', 'Pending');
INSERT INTO student_admissions (admission_id, student_id, program, admission_date, status) VALUES (74, 74, 'Biology', '2024-11-27', 'Accepted');
INSERT INTO student_admissions (admission_id, student_id, program, admission_date, status) VALUES (75, 75, 'English', '2024-02-01', 'Accepted');
INSERT INTO student_admissions (admission_id, student_id, program, admission_date, status) VALUES (76, 76, 'Computer Science', '2024-09-19', 'Rejected');
INSERT INTO student_admissions (admission_id, student_id, program, admission_date, status) VALUES (77, 77, 'Biology', '2024-08-09', 'Rejected');
INSERT INTO student_admissions (admission_id, student_id, program, admission_date, status) VALUES (78, 78, 'English', '2024-02-01', 'Rejected');
INSERT INTO student_admissions (admission_id, student_id, program, admission_date, status) VALUES (79, 79, 'Computer Science', '2024-05-02', 'Rejected');
INSERT INTO student_admissions (admission_id, student_id, program, admission_date, status) VALUES (80, 80, 'Biology', '2024-05-02', 'Rejected');
INSERT INTO student_admissions (admission_id, student_id, program, admission_date, status) VALUES (81, 81, 'Mathematics', '2024-09-07', 'Rejected');
INSERT INTO student_admissions (admission_id, student_id, program, admission_date, status) VALUES (82, 82, 'English', '2024-12-29', 'Pending');
INSERT INTO student_admissions (admission_id, student_id, program, admission_date, status) VALUES (83, 83, 'Biology', '2024-02-08', 'Pending');
INSERT INTO student_admissions (admission_id, student_id, program, admission_date, status) VALUES (84, 84, 'Mathematics', '2024-02-21', 'Rejected');
INSERT INTO student_admissions (admission_id, student_id, program, admission_date, status) VALUES (85, 85, 'Computer Science', '2024-04-04', 'Rejected');
INSERT INTO student_admissions (admission_id, student_id, program, admission_date, status) VALUES (86, 86, 'Biology', '2024-07-29', 'Accepted');
INSERT INTO student_admissions (admission_id, student_id, program, admission_date, status) VALUES (87, 87, 'Computer Science', '2024-09-10', 'Pending');
INSERT INTO student_admissions (admission_id, student_id, program, admission_date, status) VALUES (88, 88, 'Biology', '2024-04-26', 'Accepted');
INSERT INTO student_admissions (admission_id, student_id, program, admission_date, status) VALUES (89, 89, 'English', '2024-02-22', 'Pending');
INSERT INTO student_admissions (admission_id, student_id, program, admission_date, status) VALUES (90, 90, 'English', '2024-08-02', 'Rejected');
INSERT INTO student_admissions (admission_id, student_id, program, admission_date, status) VALUES (91, 91, 'Computer Science', '2024-10-05', 'Pending');
INSERT INTO student_admissions (admission_id, student_id, program, admission_date, status) VALUES (92, 92, 'Economics', '2024-04-12', 'Pending');
INSERT INTO student_admissions (admission_id, student_id, program, admission_date, status) VALUES (93, 93, 'Mathematics', '2024-11-24', 'Pending');
INSERT INTO student_admissions (admission_id, student_id, program, admission_date, status) VALUES (94, 94, 'English', '2024-04-17', 'Rejected');
INSERT INTO student_admissions (admission_id, student_id, program, admission_date, status) VALUES (95, 95, 'Economics', '2024-09-04', 'Rejected');
INSERT INTO student_admissions (admission_id, student_id, program, admission_date, status) VALUES (96, 96, 'English', '2024-08-02', 'Accepted');
INSERT INTO student_admissions (admission_id, student_id, program, admission_date, status) VALUES (97, 97, 'Mathematics', '2024-01-30', 'Rejected');
INSERT INTO student_admissions (admission_id, student_id, program, admission_date, status) VALUES (98, 98, 'Economics', '2024-07-30', 'Pending');
INSERT INTO student_admissions (admission_id, student_id, program, admission_date, status) VALUES (99, 99, 'Mathematics', '2024-02-27', 'Rejected');
INSERT INTO student_admissions (admission_id, student_id, program, admission_date, status) VALUES (100, 100, 'English', '2024-12-15', 'Rejected');
INSERT INTO enrollments (enrollment_id, student_id, course_id, enrollment_date) VALUES (1, 1, 4, '2024-12-28');
INSERT INTO enrollments (enrollment_id, student_id, course_id, enrollment_date) VALUES (2, 1, 3, '2024-11-05');
INSERT INTO enrollments (enrollment_id, student_id, course_id, enrollment_date) VALUES (3, 2, 5, '2024-11-30');
INSERT INTO enrollments (enrollment_id, student_id, course_id, enrollment_date) VALUES (4, 2, 4, '2024-01-16');
INSERT INTO enrollments (enrollment_id, student_id, course_id, enrollment_date) VALUES (5, 3, 2, '2024-12-15');
INSERT INTO enrollments (enrollment_id, student_id, course_id, enrollment_date) VALUES (6, 4, 1, '2024-05-18');
INSERT INTO enrollments (enrollment_id, student_id, course_id, enrollment_date) VALUES (7, 5, 1, '2024-03-22');
INSERT INTO enrollments (enrollment_id, student_id, course_id, enrollment_date) VALUES (8, 5, 2, '2024-09-21');
INSERT INTO enrollments (enrollment_id, student_id, course_id, enrollment_date) VALUES (9, 6, 2, '2024-04-06');
INSERT INTO enrollments (enrollment_id, student_id, course_id, enrollment_date) VALUES (10, 6, 1, '2024-09-16');
INSERT INTO enrollments (enrollment_id, student_id, course_id, enrollment_date) VALUES (11, 6, 4, '2024-02-09');
INSERT INTO enrollments (enrollment_id, student_id, course_id, enrollment_date) VALUES (12, 7, 1, '2024-05-17');
INSERT INTO enrollments (enrollment_id, student_id, course_id, enrollment_date) VALUES (13, 7, 2, '2024-10-29');
INSERT INTO enrollments (enrollment_id, student_id, course_id, enrollment_date) VALUES (14, 7, 5, '2024-08-05');
INSERT INTO enrollments (enrollment_id, student_id, course_id, enrollment_date) VALUES (15, 8, 3, '2024-12-09');
INSERT INTO enrollments (enrollment_id, student_id, course_id, enrollment_date) VALUES (16, 9, 5, '2024-12-05');
INSERT INTO enrollments (enrollment_id, student_id, course_id, enrollment_date) VALUES (17, 10, 3, '2024-06-06');
INSERT INTO enrollments (enrollment_id, student_id, course_id, enrollment_date) VALUES (18, 11, 4, '2024-08-29');
INSERT INTO enrollments (enrollment_id, student_id, course_id, enrollment_date) VALUES (19, 11, 2, '2024-10-18');
INSERT INTO enrollments (enrollment_id, student_id, course_id, enrollment_date) VALUES (20, 11, 3, '2024-03-01');
INSERT INTO enrollments (enrollment_id, student_id, course_id, enrollment_date) VALUES (21, 12, 5, '2024-12-25');
INSERT INTO enrollments (enrollment_id, student_id, course_id, enrollment_date) VALUES (22, 13, 4, '2024-12-27');
INSERT INTO enrollments (enrollment_id, student_id, course_id, enrollment_date) VALUES (23, 13, 2, '2024-04-01');
INSERT INTO enrollments (enrollment_id, student_id, course_id, enrollment_date) VALUES (24, 13, 5, '2024-12-01');
INSERT INTO enrollments (enrollment_id, student_id, course_id, enrollment_date) VALUES (25, 14, 2, '2024-03-04');
INSERT INTO enrollments (enrollment_id, student_id, course_id, enrollment_date) VALUES (26, 14, 1, '2024-11-06');
INSERT INTO enrollments (enrollment_id, student_id, course_id, enrollment_date) VALUES (27, 15, 4, '2024-11-10');
INSERT INTO enrollments (enrollment_id, student_id, course_id, enrollment_date) VALUES (28, 16, 4, '2024-03-09');
INSERT INTO enrollments (enrollment_id, student_id, course_id, enrollment_date) VALUES (29, 16, 5, '2024-12-08');
INSERT INTO enrollments (enrollment_id, student_id, course_id, enrollment_date) VALUES (30, 17, 1, '2024-06-09');
INSERT INTO enrollments (enrollment_id, student_id, course_id, enrollment_date) VALUES (31, 17, 5, '2024-01-10');
INSERT INTO enrollments (enrollment_id, student_id, course_id, enrollment_date) VALUES (32, 18, 4, '2024-03-10');
INSERT INTO enrollments (enrollment_id, student_id, course_id, enrollment_date) VALUES (33, 19, 3, '2024-10-13');
INSERT INTO enrollments (enrollment_id, student_id, course_id, enrollment_date) VALUES (34, 19, 1, '2024-12-25');
INSERT INTO enrollments (enrollment_id, student_id, course_id, enrollment_date) VALUES (35, 19, 4, '2024-05-09');
INSERT INTO enrollments (enrollment_id, student_id, course_id, enrollment_date) VALUES (36, 20, 2, '2024-10-30');
INSERT INTO enrollments (enrollment_id, student_id, course_id, enrollment_date) VALUES (37, 21, 4, '2024-12-27');
INSERT INTO enrollments (enrollment_id, student_id, course_id, enrollment_date) VALUES (38, 21, 2, '2024-06-08');
INSERT INTO enrollments (enrollment_id, student_id, course_id, enrollment_date) VALUES (39, 21, 5, '2024-11-07');
INSERT INTO enrollments (enrollment_id, student_id, course_id, enrollment_date) VALUES (40, 22, 3, '2024-09-17');
INSERT INTO enrollments (enrollment_id, student_id, course_id, enrollment_date) VALUES (41, 23, 2, '2024-12-01');
INSERT INTO enrollments (enrollment_id, student_id, course_id, enrollment_date) VALUES (42, 23, 1, '2024-10-12');
INSERT INTO enrollments (enrollment_id, student_id, course_id, enrollment_date) VALUES (43, 24, 5, '2024-11-10');
INSERT INTO enrollments (enrollment_id, student_id, course_id, enrollment_date) VALUES (44, 24, 1, '2024-04-06');
INSERT INTO enrollments (enrollment_id, student_id, course_id, enrollment_date) VALUES (45, 25, 5, '2024-04-13');
INSERT INTO enrollments (enrollment_id, student_id, course_id, enrollment_date) VALUES (46, 26, 1, '2024-03-02');
INSERT INTO enrollments (enrollment_id, student_id, course_id, enrollment_date) VALUES (47, 27, 2, '2024-11-01');
INSERT INTO enrollments (enrollment_id, student_id, course_id, enrollment_date) VALUES (48, 28, 4, '2024-09-29');
INSERT INTO enrollments (enrollment_id, student_id, course_id, enrollment_date) VALUES (49, 28, 5, '2024-02-11');
INSERT INTO enrollments (enrollment_id, student_id, course_id, enrollment_date) VALUES (50, 29, 4, '2024-05-28');
INSERT INTO enrollments (enrollment_id, student_id, course_id, enrollment_date) VALUES (51, 30, 2, '2024-12-04');
INSERT INTO enrollments (enrollment_id, student_id, course_id, enrollment_date) VALUES (52, 31, 1, '2024-01-16');
INSERT INTO enrollments (enrollment_id, student_id, course_id, enrollment_date) VALUES (53, 31, 4, '2024-11-29');
INSERT INTO enrollments (enrollment_id, student_id, course_id, enrollment_date) VALUES (54, 32, 4, '2024-07-01');
INSERT INTO enrollments (enrollment_id, student_id, course_id, enrollment_date) VALUES (55, 32, 3, '2024-03-27');
INSERT INTO enrollments (enrollment_id, student_id, course_id, enrollment_date) VALUES (56, 33, 5, '2024-03-18');
INSERT INTO enrollments (enrollment_id, student_id, course_id, enrollment_date) VALUES (57, 33, 4, '2024-11-13');
INSERT INTO enrollments (enrollment_id, student_id, course_id, enrollment_date) VALUES (58, 34, 2, '2024-12-22');
INSERT INTO enrollments (enrollment_id, student_id, course_id, enrollment_date) VALUES (59, 35, 2, '2024-06-27');
INSERT INTO enrollments (enrollment_id, student_id, course_id, enrollment_date) VALUES (60, 35, 1, '2024-05-15');
INSERT INTO enrollments (enrollment_id, student_id, course_id, enrollment_date) VALUES (61, 36, 5, '2024-04-28');
INSERT INTO enrollments (enrollment_id, student_id, course_id, enrollment_date) VALUES (62, 36, 1, '2024-11-14');
INSERT INTO enrollments (enrollment_id, student_id, course_id, enrollment_date) VALUES (63, 36, 3, '2024-11-04');
INSERT INTO enrollments (enrollment_id, student_id, course_id, enrollment_date) VALUES (64, 37, 1, '2024-12-04');
INSERT INTO enrollments (enrollment_id, student_id, course_id, enrollment_date) VALUES (65, 37, 5, '2024-03-29');
INSERT INTO enrollments (enrollment_id, student_id, course_id, enrollment_date) VALUES (66, 38, 4, '2024-03-27');
INSERT INTO enrollments (enrollment_id, student_id, course_id, enrollment_date) VALUES (67, 38, 2, '2024-01-10');
INSERT INTO enrollments (enrollment_id, student_id, course_id, enrollment_date) VALUES (68, 38, 1, '2024-09-13');
INSERT INTO enrollments (enrollment_id, student_id, course_id, enrollment_date) VALUES (69, 39, 1, '2024-03-16');
INSERT INTO enrollments (enrollment_id, student_id, course_id, enrollment_date) VALUES (70, 39, 2, '2024-06-03');
INSERT INTO enrollments (enrollment_id, student_id, course_id, enrollment_date) VALUES (71, 39, 5, '2024-05-07');
INSERT INTO enrollments (enrollment_id, student_id, course_id, enrollment_date) VALUES (72, 40, 1, '2024-04-18');
INSERT INTO enrollments (enrollment_id, student_id, course_id, enrollment_date) VALUES (73, 40, 2, '2024-12-01');
INSERT INTO enrollments (enrollment_id, student_id, course_id, enrollment_date) VALUES (74, 40, 4, '2024-01-27');
INSERT INTO enrollments (enrollment_id, student_id, course_id, enrollment_date) VALUES (75, 41, 5, '2024-10-27');
INSERT INTO enrollments (enrollment_id, student_id, course_id, enrollment_date) VALUES (76, 42, 5, '2024-04-18');
INSERT INTO enrollments (enrollment_id, student_id, course_id, enrollment_date) VALUES (77, 43, 1, '2024-05-16');
INSERT INTO enrollments (enrollment_id, student_id, course_id, enrollment_date) VALUES (78, 43, 5, '2024-09-06');
INSERT INTO enrollments (enrollment_id, student_id, course_id, enrollment_date) VALUES (79, 43, 2, '2024-07-16');
INSERT INTO enrollments (enrollment_id, student_id, course_id, enrollment_date) VALUES (80, 44, 5, '2024-06-04');
INSERT INTO enrollments (enrollment_id, student_id, course_id, enrollment_date) VALUES (81, 44, 3, '2024-09-20');
INSERT INTO enrollments (enrollment_id, student_id, course_id, enrollment_date) VALUES (82, 44, 2, '2024-11-23');
INSERT INTO enrollments (enrollment_id, student_id, course_id, enrollment_date) VALUES (83, 45, 3, '2024-07-27');
INSERT INTO enrollments (enrollment_id, student_id, course_id, enrollment_date) VALUES (84, 46, 3, '2024-05-08');
INSERT INTO enrollments (enrollment_id, student_id, course_id, enrollment_date) VALUES (85, 47, 2, '2024-12-30');
INSERT INTO enrollments (enrollment_id, student_id, course_id, enrollment_date) VALUES (86, 47, 3, '2024-01-11');
INSERT INTO enrollments (enrollment_id, student_id, course_id, enrollment_date) VALUES (87, 48, 3, '2024-02-14');
INSERT INTO enrollments (enrollment_id, student_id, course_id, enrollment_date) VALUES (88, 48, 1, '2024-12-06');
INSERT INTO enrollments (enrollment_id, student_id, course_id, enrollment_date) VALUES (89, 49, 4, '2024-04-11');
INSERT INTO enrollments (enrollment_id, student_id, course_id, enrollment_date) VALUES (90, 50, 5, '2024-03-10');
INSERT INTO enrollments (enrollment_id, student_id, course_id, enrollment_date) VALUES (91, 50, 1, '2024-08-13');
INSERT INTO enrollments (enrollment_id, student_id, course_id, enrollment_date) VALUES (92, 50, 4, '2024-04-13');
INSERT INTO enrollments (enrollment_id, student_id, course_id, enrollment_date) VALUES (93, 51, 2, '2024-01-15');
INSERT INTO enrollments (enrollment_id, student_id, course_id, enrollment_date) VALUES (94, 51, 3, '2024-02-12');
INSERT INTO enrollments (enrollment_id, student_id, course_id, enrollment_date) VALUES (95, 51, 1, '2024-08-19');
INSERT INTO enrollments (enrollment_id, student_id, course_id, enrollment_date) VALUES (96, 52, 1, '2024-06-17');
INSERT INTO enrollments (enrollment_id, student_id, course_id, enrollment_date) VALUES (97, 52, 2, '2024-05-14');
INSERT INTO enrollments (enrollment_id, student_id, course_id, enrollment_date) VALUES (98, 53, 3, '2024-10-09');
INSERT INTO enrollments (enrollment_id, student_id, course_id, enrollment_date) VALUES (99, 53, 2, '2024-11-01');
INSERT INTO enrollments (enrollment_id, student_id, course_id, enrollment_date) VALUES (100, 54, 5, '2024-05-01');
INSERT INTO enrollments (enrollment_id, student_id, course_id, enrollment_date) VALUES (101, 54, 3, '2024-06-18');
INSERT INTO enrollments (enrollment_id, student_id, course_id, enrollment_date) VALUES (102, 55, 5, '2024-08-23');
INSERT INTO enrollments (enrollment_id, student_id, course_id, enrollment_date) VALUES (103, 55, 1, '2024-07-17');
INSERT INTO enrollments (enrollment_id, student_id, course_id, enrollment_date) VALUES (104, 55, 3, '2024-02-14');
INSERT INTO enrollments (enrollment_id, student_id, course_id, enrollment_date) VALUES (105, 56, 3, '2024-05-29');
INSERT INTO enrollments (enrollment_id, student_id, course_id, enrollment_date) VALUES (106, 56, 1, '2024-12-15');
INSERT INTO enrollments (enrollment_id, student_id, course_id, enrollment_date) VALUES (107, 56, 4, '2024-08-11');
INSERT INTO enrollments (enrollment_id, student_id, course_id, enrollment_date) VALUES (108, 57, 1, '2024-03-14');
INSERT INTO enrollments (enrollment_id, student_id, course_id, enrollment_date) VALUES (109, 57, 5, '2024-04-08');
INSERT INTO enrollments (enrollment_id, student_id, course_id, enrollment_date) VALUES (110, 58, 5, '2024-01-18');
INSERT INTO enrollments (enrollment_id, student_id, course_id, enrollment_date) VALUES (111, 58, 2, '2024-10-02');
INSERT INTO enrollments (enrollment_id, student_id, course_id, enrollment_date) VALUES (112, 58, 4, '2024-06-18');
INSERT INTO enrollments (enrollment_id, student_id, course_id, enrollment_date) VALUES (113, 59, 5, '2024-01-01');
INSERT INTO enrollments (enrollment_id, student_id, course_id, enrollment_date) VALUES (114, 59, 2, '2024-07-20');
INSERT INTO enrollments (enrollment_id, student_id, course_id, enrollment_date) VALUES (115, 60, 3, '2024-12-25');
INSERT INTO enrollments (enrollment_id, student_id, course_id, enrollment_date) VALUES (116, 60, 2, '2024-11-09');
INSERT INTO enrollments (enrollment_id, student_id, course_id, enrollment_date) VALUES (117, 60, 5, '2024-07-28');
INSERT INTO enrollments (enrollment_id, student_id, course_id, enrollment_date) VALUES (118, 61, 3, '2024-09-23');
INSERT INTO enrollments (enrollment_id, student_id, course_id, enrollment_date) VALUES (119, 61, 4, '2024-10-06');
INSERT INTO enrollments (enrollment_id, student_id, course_id, enrollment_date) VALUES (120, 61, 2, '2024-10-15');
INSERT INTO enrollments (enrollment_id, student_id, course_id, enrollment_date) VALUES (121, 62, 1, '2024-10-13');
INSERT INTO enrollments (enrollment_id, student_id, course_id, enrollment_date) VALUES (122, 63, 4, '2024-09-17');
INSERT INTO enrollments (enrollment_id, student_id, course_id, enrollment_date) VALUES (123, 63, 3, '2024-03-17');
INSERT INTO enrollments (enrollment_id, student_id, course_id, enrollment_date) VALUES (124, 63, 1, '2024-05-21');
INSERT INTO enrollments (enrollment_id, student_id, course_id, enrollment_date) VALUES (125, 64, 3, '2024-06-16');
INSERT INTO enrollments (enrollment_id, student_id, course_id, enrollment_date) VALUES (126, 65, 3, '2024-01-28');
INSERT INTO enrollments (enrollment_id, student_id, course_id, enrollment_date) VALUES (127, 66, 4, '2024-09-14');
INSERT INTO enrollments (enrollment_id, student_id, course_id, enrollment_date) VALUES (128, 67, 4, '2024-12-23');
INSERT INTO enrollments (enrollment_id, student_id, course_id, enrollment_date) VALUES (129, 67, 1, '2024-05-08');
INSERT INTO enrollments (enrollment_id, student_id, course_id, enrollment_date) VALUES (130, 67, 5, '2024-08-30');
INSERT INTO enrollments (enrollment_id, student_id, course_id, enrollment_date) VALUES (131, 68, 2, '2024-05-01');
INSERT INTO enrollments (enrollment_id, student_id, course_id, enrollment_date) VALUES (132, 69, 1, '2024-09-14');
INSERT INTO enrollments (enrollment_id, student_id, course_id, enrollment_date) VALUES (133, 69, 3, '2024-11-25');
INSERT INTO enrollments (enrollment_id, student_id, course_id, enrollment_date) VALUES (134, 69, 4, '2024-02-18');
INSERT INTO enrollments (enrollment_id, student_id, course_id, enrollment_date) VALUES (135, 70, 2, '2024-10-06');
INSERT INTO enrollments (enrollment_id, student_id, course_id, enrollment_date) VALUES (136, 70, 4, '2024-12-15');
INSERT INTO enrollments (enrollment_id, student_id, course_id, enrollment_date) VALUES (137, 70, 1, '2024-04-26');
INSERT INTO enrollments (enrollment_id, student_id, course_id, enrollment_date) VALUES (138, 71, 3, '2024-07-15');
INSERT INTO enrollments (enrollment_id, student_id, course_id, enrollment_date) VALUES (139, 72, 1, '2024-04-30');
INSERT INTO enrollments (enrollment_id, student_id, course_id, enrollment_date) VALUES (140, 72, 3, '2024-09-15');
INSERT INTO enrollments (enrollment_id, student_id, course_id, enrollment_date) VALUES (141, 73, 2, '2024-06-07');
INSERT INTO enrollments (enrollment_id, student_id, course_id, enrollment_date) VALUES (142, 74, 1, '2024-05-06');
INSERT INTO enrollments (enrollment_id, student_id, course_id, enrollment_date) VALUES (143, 74, 3, '2024-06-05');
INSERT INTO enrollments (enrollment_id, student_id, course_id, enrollment_date) VALUES (144, 74, 4, '2024-09-27');
INSERT INTO enrollments (enrollment_id, student_id, course_id, enrollment_date) VALUES (145, 75, 5, '2024-04-24');
INSERT INTO enrollments (enrollment_id, student_id, course_id, enrollment_date) VALUES (146, 75, 2, '2024-08-03');
INSERT INTO enrollments (enrollment_id, student_id, course_id, enrollment_date) VALUES (147, 76, 2, '2024-02-19');
INSERT INTO enrollments (enrollment_id, student_id, course_id, enrollment_date) VALUES (148, 77, 4, '2024-03-15');
INSERT INTO enrollments (enrollment_id, student_id, course_id, enrollment_date) VALUES (149, 78, 2, '2024-06-12');
INSERT INTO enrollments (enrollment_id, student_id, course_id, enrollment_date) VALUES (150, 79, 3, '2024-09-15');
INSERT INTO enrollments (enrollment_id, student_id, course_id, enrollment_date) VALUES (151, 79, 4, '2024-05-27');
INSERT INTO enrollments (enrollment_id, student_id, course_id, enrollment_date) VALUES (152, 79, 5, '2024-09-20');
INSERT INTO enrollments (enrollment_id, student_id, course_id, enrollment_date) VALUES (153, 80, 2, '2024-10-17');
INSERT INTO enrollments (enrollment_id, student_id, course_id, enrollment_date) VALUES (154, 80, 3, '2024-12-16');
INSERT INTO enrollments (enrollment_id, student_id, course_id, enrollment_date) VALUES (155, 80, 1, '2024-03-08');
INSERT INTO enrollments (enrollment_id, student_id, course_id, enrollment_date) VALUES (156, 81, 1, '2024-08-27');
INSERT INTO enrollments (enrollment_id, student_id, course_id, enrollment_date) VALUES (157, 81, 4, '2024-08-09');
INSERT INTO enrollments (enrollment_id, student_id, course_id, enrollment_date) VALUES (158, 81, 5, '2024-04-26');
INSERT INTO enrollments (enrollment_id, student_id, course_id, enrollment_date) VALUES (159, 82, 2, '2024-06-06');
INSERT INTO enrollments (enrollment_id, student_id, course_id, enrollment_date) VALUES (160, 82, 5, '2024-07-31');
INSERT INTO enrollments (enrollment_id, student_id, course_id, enrollment_date) VALUES (161, 83, 3, '2024-11-19');
INSERT INTO enrollments (enrollment_id, student_id, course_id, enrollment_date) VALUES (162, 83, 5, '2024-01-01');
INSERT INTO enrollments (enrollment_id, student_id, course_id, enrollment_date) VALUES (163, 84, 2, '2024-04-28');
INSERT INTO enrollments (enrollment_id, student_id, course_id, enrollment_date) VALUES (164, 85, 2, '2024-04-21');
INSERT INTO enrollments (enrollment_id, student_id, course_id, enrollment_date) VALUES (165, 86, 3, '2024-03-22');
INSERT INTO enrollments (enrollment_id, student_id, course_id, enrollment_date) VALUES (166, 86, 5, '2024-06-15');
INSERT INTO enrollments (enrollment_id, student_id, course_id, enrollment_date) VALUES (167, 87, 3, '2024-11-01');
INSERT INTO enrollments (enrollment_id, student_id, course_id, enrollment_date) VALUES (168, 88, 5, '2024-08-13');
INSERT INTO enrollments (enrollment_id, student_id, course_id, enrollment_date) VALUES (169, 88, 4, '2024-08-23');
INSERT INTO enrollments (enrollment_id, student_id, course_id, enrollment_date) VALUES (170, 89, 5, '2024-09-11');
INSERT INTO enrollments (enrollment_id, student_id, course_id, enrollment_date) VALUES (171, 89, 3, '2024-05-05');
INSERT INTO enrollments (enrollment_id, student_id, course_id, enrollment_date) VALUES (172, 89, 1, '2024-06-29');
INSERT INTO enrollments (enrollment_id, student_id, course_id, enrollment_date) VALUES (173, 90, 3, '2024-06-20');
INSERT INTO enrollments (enrollment_id, student_id, course_id, enrollment_date) VALUES (174, 91, 5, '2024-06-20');
INSERT INTO enrollments (enrollment_id, student_id, course_id, enrollment_date) VALUES (175, 92, 1, '2024-09-19');
INSERT INTO enrollments (enrollment_id, student_id, course_id, enrollment_date) VALUES (176, 92, 5, '2024-03-23');
INSERT INTO enrollments (enrollment_id, student_id, course_id, enrollment_date) VALUES (177, 93, 4, '2024-07-17');
INSERT INTO enrollments (enrollment_id, student_id, course_id, enrollment_date) VALUES (178, 93, 3, '2024-07-02');
INSERT INTO enrollments (enrollment_id, student_id, course_id, enrollment_date) VALUES (179, 93, 5, '2024-11-04');
INSERT INTO enrollments (enrollment_id, student_id, course_id, enrollment_date) VALUES (180, 94, 4, '2024-12-15');
INSERT INTO enrollments (enrollment_id, student_id, course_id, enrollment_date) VALUES (181, 94, 1, '2024-11-05');
INSERT INTO enrollments (enrollment_id, student_id, course_id, enrollment_date) VALUES (182, 95, 5, '2024-10-12');
INSERT INTO enrollments (enrollment_id, student_id, course_id, enrollment_date) VALUES (183, 95, 2, '2024-03-06');
INSERT INTO enrollments (enrollment_id, student_id, course_id, enrollment_date) VALUES (184, 96, 1, '2024-09-12');
INSERT INTO enrollments (enrollment_id, student_id, course_id, enrollment_date) VALUES (185, 96, 4, '2024-02-02');
INSERT INTO enrollments (enrollment_id, student_id, course_id, enrollment_date) VALUES (186, 97, 5, '2024-04-20');
INSERT INTO enrollments (enrollment_id, student_id, course_id, enrollment_date) VALUES (187, 98, 2, '2024-07-19');
INSERT INTO enrollments (enrollment_id, student_id, course_id, enrollment_date) VALUES (188, 98, 3, '2024-09-14');
INSERT INTO enrollments (enrollment_id, student_id, course_id, enrollment_date) VALUES (189, 98, 5, '2024-09-02');
INSERT INTO enrollments (enrollment_id, student_id, course_id, enrollment_date) VALUES (190, 99, 3, '2024-08-28');
INSERT INTO enrollments (enrollment_id, student_id, course_id, enrollment_date) VALUES (191, 100, 3, '2024-05-10');
INSERT INTO enrollments (enrollment_id, student_id, course_id, enrollment_date) VALUES (192, 100, 1, '2024-02-06');
INSERT INTO enrollments (enrollment_id, student_id, course_id, enrollment_date) VALUES (193, 100, 5, '2024-11-13');
INSERT INTO course_assignments (assignment_id, course_id, professor_id, assigned_date) VALUES (1, 1, 1, '2024-05-25');
INSERT INTO course_assignments (assignment_id, course_id, professor_id, assigned_date) VALUES (2, 2, 2, '2024-02-15');
INSERT INTO course_assignments (assignment_id, course_id, professor_id, assigned_date) VALUES (3, 3, 3, '2024-05-10');
INSERT INTO course_assignments (assignment_id, course_id, professor_id, assigned_date) VALUES (4, 4, 4, '2024-03-01');
INSERT INTO course_assignments (assignment_id, course_id, professor_id, assigned_date) VALUES (5, 5, 5, '2024-02-13');